model,day_mean_f1,night_mean_f1,difference,t_statistic,p_value,significant
YOLOv3,0.08938320101227375,0.1528448223568907,0.06346162134461696,-2.163588423895394,0.16295235318305867,False
YOLOv5,0.05163756206773315,0.0910957549341611,0.039458192866427946,-1.1984384158035224,0.35349326662969116,False
YOLOv8,0.6658011774159953,0.5774682348865017,-0.08833294252949364,0.916968478608198,0.45595892141240313,False
