model,day_mean_f1,night_mean_f1,difference,t_statistic,p_value,significant
YOLOv3,0.12452096436881654,0.5804359160949215,0.45591495172610497,-12.089161123760165,0.006772951538997679,True
YOLOv5,0.06846622866803906,0.4960753601353739,0.4276091314673348,-22.40827702625633,0.001985583147787554,True
YOLOv8,0.7517552075123327,0.6084081515212054,-0.1433470559911273,1.3672412106151992,0.30493372775575145,False
