model,day_mean_precision,night_mean_precision,difference_precision,t_statistic_precision,p_value_precision,significant_precision,day_mean_recall,night_mean_recall,difference_recall,t_statistic_recall,p_value_recall,significant_recall,day_mean_f1_score,night_mean_f1_score,difference_f1_score,t_statistic_f1_score,p_value_f1_score,significant_f1_score
YOLOv3,0.7711168518972127,0.4982306127913734,-0.2728862391058393,4.086788769786986,0.05498218804267544,False,0.0543249064153866,0.3259189982830357,0.2715940918676491,-15.447510740432397,0.004164505552436514,True,0.10100099962981049,0.3929039365558159,0.29190293692600544,-7.621936860636717,0.016781426268105085,True
YOLOv5,0.8073166167664672,0.18873592523298371,-0.6185806915334835,14.347177282855103,0.0048229893616334885,True,0.029883101175900248,0.09832656747083775,0.0684434662949375,-3.0502275425896994,0.0927680963163118,False,0.057611923887249894,0.12929402935789325,0.07168210547064335,-2.39963198824251,0.13848426406064984,False
YOLOv8,0.9090994579527778,0.9771994326606572,0.06809997470787943,-2.6513120616025287,0.117671996845854,False,0.6397269474806642,0.43400596501443034,-0.20572098246623383,1.2485865964639724,0.33815453545847174,False,0.7361790030460976,0.6008055467388361,-0.1353734563072615,1.2666864805035516,0.33281397136743207,False
