model,day_mean_f1,night_mean_f1,difference,t_statistic,p_value,significant
YOLOv3,0.10100099962981049,0.3929039365558159,0.29190293692600544,-7.621936860636717,0.016781426268105085,True
YOLOv5,0.057611923887249894,0.12929402935789325,0.07168210547064335,-2.39963198824251,0.13848426406064984,False
YOLOv8,0.7361790030460976,0.6008055467388361,-0.1353734563072615,1.2666864805035516,0.33281397136743207,False
