model,day_mean_precision,night_mean_precision,difference_precision,t_statistic_precision,p_value_precision,significant_precision,day_mean_recall,night_mean_recall,difference_recall,t_statistic_recall,p_value_recall,significant_recall,day_mean_f1_score,night_mean_f1_score,difference_f1_score,t_statistic_f1_score,p_value_f1_score,significant_f1_score
YOLOv3,0.9590836072390869,0.878077772590004,-0.08100583464908295,1.9386050548172986,0.19212092050065832,False,0.0669178116807701,0.43386391124331325,0.36694609956254315,-15.111203101027176,0.004350713274935873,True,0.12452096436881654,0.5804359160949215,0.45591495172610497,-12.089161123760165,0.006772951538997679,True
YOLOv5,0.9625093562874252,0.9254313675209507,-0.0370779887664745,0.6952981293692055,0.5587910945710507,False,0.03550863495504255,0.33887841013031944,0.3033697751752769,-26.930681161939955,0.0013759677043628357,True,0.06846622866803906,0.4960753601353739,0.4276091314673348,-22.40827702625633,0.001985583147787554,True
YOLOv8,0.9646846361891408,0.9965588356961446,0.031874199507003764,-1.8529221826209998,0.20507800455939057,False,0.6315677561126214,0.4381215937834936,-0.1934461623291278,1.3007710173602052,0.323029572679264,False,0.7517552075123327,0.6084081515212054,-0.1433470559911273,1.3672412106151992,0.30493372775575145,False
