comparison,YOLOv3_mean,YOLOv5_mean,difference,t_statistic,p_value,significant,YOLOv8_mean
YOLOv3 vs YOLOv5,0.12111401168458223,0.07136665850094712,-0.049747353183635115,1.77057716976911,0.12702249828972584,False,
YOLOv3 vs YOLOv8,0.12111401168458223,,0.5005206944666662,-9.675881537650922,6.98699172188241e-05,True,0.6216347061512485
YOLOv5 vs YOLOv8,,0.07136665850094712,0.5502680476503014,-10.989394163309864,3.374041776338263e-05,True,0.6216347061512485
