comparison,yolov3_mean,yolov5_mean,yolov3_median,yolov5_median,mean_difference,median_difference,all_statistic,all_p_value,all_significant,means_statistic,means_p_value,means_significant,medians_statistic,medians_p_value,medians_significant,yolov8_mean,yolov8_median
yolov3 vs yolov5,0.5949009492377819,0.5633757630681379,0.6027397260273913,0.5549872122762182,-0.03152518616964406,-0.047752513751173176,6002012.0,2.612342603278565e-48,True,12.0,0.34285714285714286,False,13.0,0.2,False,,
yolov3 vs yolov8,0.5949009492377819,,0.6027397260273913,,0.14535749743381843,0.15592413239815206,19450283.0,0.0,True,0.0,0.02857142857142857,True,0.0,0.02857142857142857,True,0.7402584466716003,0.7586638584255434
yolov5 vs yolov8,,0.5633757630681379,,0.5549872122762182,0.1768826836034625,0.20367664614932524,9039077.0,0.0,True,0.0,0.02857142857142857,True,0.0,0.02857142857142857,True,0.7402584466716003,0.7586638584255434
