model_version,precision,recall,f1_score,tp,fp,fn
YOLOv3,0.5068040249161476,0.22335078976264888,0.31005774924515583,10577,10293,36779
YOLOv5,0.21865946800105346,0.07253942597527413,0.10893882237165818,3321,11867,42461
YOLOv8,0.9452996059146486,0.5009370816599732,0.6548521828406094,28065,1624,27960
