model_version,precision,recall,f1_score,tp,fp,fn
YOLOv3,0.8808816482989937,0.3189009159034138,0.4682747904938995,18384,2486,39264
YOLOv5,0.9238872794311298,0.2434082708853733,0.3853039705640068,14032,1156,43616
YOLOv8,0.9807672875475766,0.5050999167360533,0.6667964322108614,29118,571,28530
