model_version,precision,recall,f1_score,tp,fp,fn
YOLOv3,0.19516051748921898,0.09970136101047684,0.13197887301124397,4073,16797,36779
YOLOv5,0.15953384250724256,0.05398360217449425,0.08066986283126915,2423,12765,42461
YOLOv8,0.8608575566708209,0.4775589521282559,0.6143233141442427,25558,4131,27960
